,City,Lat,Lng,Max Temp,Humidity,Cloudiness,Wind Speed,Country,Date
0,Beloha,-25.1667,45.05,72.84,90,0,8.43,MG,1645494543
1,Mgandu,-5.95,34.1333,59.77,96,100,3.33,TZ,1645494596
3,Punta Arenas,-53.15,-70.9167,59.11,55,40,4.61,CL,1645494597
4,Mataura,-46.1927,168.8643,50.65,98,100,6.87,NZ,1645494597
5,Jamestown,42.097,-79.2353,43.92,70,100,1.99,US,1645494597
7,Deputatsky,69.3,139.9,-14.15,78,99,4.36,RU,1645494602
8,Albany,42.6001,-73.9662,39.07,68,46,1.1,US,1645494602
9,East London,-33.0153,27.9116,66.7,76,75,4.83,ZA,1645494603
11,Kapaa,22.0752,-159.319,80.58,64,0,14.97,US,1645494603
12,Yurty,56.0498,97.6348,6.3,96,73,3,RU,1645494604
13,Mumbai,19.0144,72.8479,69.78,60,14,0,IN,1645494444
15,Talnakh,69.4865,88.3972,15.21,85,100,16.2,RU,1645494604
17,Busselton,-33.65,115.3333,78.04,44,0,6.58,AU,1645494605
18,Rikitea,-23.1203,-134.9692,77.86,71,45,5.57,PF,1645494605
20,Barrow,71.2906,-156.7887,8.62,78,100,14.97,US,1645494605
21,Mount Gambier,-37.8333,140.7667,67.91,40,40,12.66,AU,1645494606
22,Bathsheba,13.2167,-59.5167,77.61,78,40,14.97,BB,1645494606
23,Oussouye,12.485,-16.5469,69.85,76,32,8.23,SN,1645494606
25,Campo Grande,-20.4428,-54.6464,80.15,69,0,8.05,BR,1645494607
26,Laguna,38.421,-121.4238,57.4,46,0,10.36,US,1645494607
27,Chhuīkhadān,21.5333,80.9833,65.75,24,2,1.34,IN,1645494608
28,Ahipara,-35.1667,173.1667,77.7,58,13,3.44,NZ,1645494608
29,Cherskiy,68.75,161.3,-42.45,96,100,4.12,RU,1645494608
30,Atuona,-9.8,-139.0333,78.57,74,3,16.82,PF,1645494609
31,Ponta do Sol,32.6667,-17.1,63.23,62,35,11.5,PT,1645494609
32,Sinop Province,41.7711,34.8709,41.99,79,3,11.39,TR,1645494362
33,Kamariótissa,40.4833,25.4667,54.57,95,6,2.37,GR,1645494609
34,Tautira,-17.7333,-149.15,89.62,71,8,15.12,PF,1645494610
35,Marmora,44.4583,7.094,32.36,74,16,10.4,IT,1645494610
36,Bambous Virieux,-20.3428,57.7575,80.85,89,40,21.85,MU,1645494610
37,Fort Nelson,58.8053,-122.7002,0.99,66,0,0,CA,1645494373
38,Gazli,40.1333,63.45,45.34,42,100,8.9,UZ,1645494611
39,Hobart,-42.8794,147.3294,71.02,39,20,6.91,AU,1645494611
40,Saint George,37.1041,-113.5841,54.19,35,100,11.99,US,1645494559
41,Carnarvon,-24.8667,113.6333,84.27,65,11,17.27,AU,1645494611
42,Puerto Ayora,-0.7393,-90.3518,77.56,91,35,3,EC,1645494612
43,Dingle,10.9995,122.6711,82.27,70,100,13.02,PH,1645494612
44,Broken Hill,-31.95,141.4333,78.51,25,0,16.11,AU,1645494612
45,Vila do Maio,15.1333,-23.2167,70.59,77,92,15.99,CV,1645494613
46,Alihe,50.5667,123.7167,3.02,71,5,2.98,CN,1645494613
47,Norden,53.6,7.2,42.01,82,6,24.9,DE,1645494613
48,Bhadrāchalam,17.6667,80.8833,70.83,57,6,1.83,IN,1645494614
49,Hilo,19.7297,-155.09,84.52,81,75,10.36,US,1645494614
50,Butaritari,3.0707,172.7902,81.79,80,67,19.66,KI,1645494674
51,Biltine,14.5333,20.9167,63.34,18,4,10.42,TD,1645494675
52,Vaini,-21.2,-175.2,81.61,79,77,19.62,TO,1645494675
53,Lompoc,34.6391,-120.4579,58.68,71,0,25.32,US,1645494676
54,Port Elizabeth,-33.918,25.5701,59.29,88,0,3.44,ZA,1645494676
55,Tingo María,-9.2895,-76.0088,69.46,98,99,0.63,PE,1645494676
56,Srednekolymsk,67.45,153.6833,-29.92,95,83,5.5,RU,1645494677
58,Bluff,-46.6,168.3333,55.83,69,100,19.01,NZ,1645494677
59,Ushuaia,-54.8,-68.3,55.06,76,75,21.85,AR,1645494677
60,New Norfolk,-42.7826,147.0587,70.66,24,5,2.35,AU,1645494678
61,São João da Barra,-21.6403,-41.0511,76.53,91,100,9.24,BR,1645494678
62,Geraldton,-28.7667,114.6,83.12,57,0,20.71,AU,1645494678
63,Castro,-24.7911,-50.0119,63.5,88,0,1.36,BR,1645494679
64,Tuktoyaktuk,69.4541,-133.0374,-9.4,70,75,20.71,CA,1645494679
66,Qaanaaq,77.484,-69.3632,-7.89,58,39,9.13,GL,1645494679
67,Hithadhoo,-0.6,73.0833,82.6,71,100,9.28,MV,1645494680
68,Thompson,55.7435,-97.8558,-16.44,63,0,3.44,CA,1645494680
69,Price,39.5994,-110.8107,36.66,51,100,4.61,US,1645494625
70,Flinders,-34.5833,150.8552,73.8,93,100,10.6,AU,1645494681
71,Evensk,61.95,159.2333,-8.73,78,1,4.54,RU,1645494681
72,Homer,59.6425,-151.5483,40.89,73,100,18.99,US,1645494681
73,Norman Wells,65.282,-126.8329,-16.56,63,20,6.91,CA,1645494682
74,La Ronge,55.1001,-105.2842,-16.35,63,0,3.44,CA,1645494492
75,Sretensk,52.2453,117.7093,-5.55,91,95,2.44,RU,1645494682
77,Ayní,39.3941,68.5377,37.65,69,100,4.65,TJ,1645494683
78,Margate,51.3813,1.3862,43.95,73,90,3,GB,1645494683
79,Weyburn,49.6668,-103.8511,-12.82,70,99,5.75,CA,1645494683
80,Henties Bay,-22.116,14.2845,70.86,81,72,4.18,NA,1645494684
81,Coahuayana Viejo,18.7333,-103.6833,72.99,75,0,0.36,MX,1645494684
82,Provincia di Gorizia,45.9167,13.5,41.47,90,0,5.75,IT,1645494684
83,Port Blair,11.6667,92.75,71.64,100,20,1.14,IN,1645494685
84,Valparaíso,-33.0393,-71.6273,65.48,76,0,5.75,CL,1645494666
86,Kalmunai,7.4167,81.8167,76.69,84,8,3.22,LK,1645494685
87,Saint-Philippe,-21.3585,55.7679,78.35,91,100,25.34,RE,1645494686
88,Anadyr,64.75,177.4833,-4.52,83,100,11.18,RU,1645494686
89,Torbay,47.6666,-52.7314,35.76,84,75,26.46,CA,1645494686
90,Pisco,-13.7,-76.2167,71.65,88,100,6.91,PE,1645494687
91,Ilulissat,69.2167,-51.1,-8.1,97,100,6.31,GL,1645494687
92,Pevek,69.7008,170.3133,-30.96,92,100,2.37,RU,1645494687
93,Egvekinot,66.3167,-179.1667,-1.14,94,100,8.88,RU,1645494688
94,Mazagão,-0.115,-51.2894,78.85,96,100,3.09,BR,1645494688
95,Rundu,-17.9333,19.7667,70.05,74,94,3.85,NA,1645494688
96,Cape Town,-33.9258,18.4232,64.11,83,0,9.22,ZA,1645494453
97,Along,28.1667,94.7667,52.65,83,74,2.53,IN,1645494689
98,Upernavik,72.7868,-56.1549,-26.99,100,100,6.4,GL,1645494689
99,Sur,22.5667,59.5289,71.89,71,0,12.41,OM,1645494689
101,Tigil',57.8,158.6667,-2.15,81,100,13.58,RU,1645494750
102,Solnechnyy,50.7214,136.6319,11.97,81,28,2.62,RU,1645494750
103,Killybegs,54.6333,-8.45,50.18,88,100,24.74,IE,1645494751
104,Kaitangata,-46.2817,169.8464,55.22,95,100,7.27,NZ,1645494751
105,Cidreira,-30.1811,-50.2056,73.92,86,57,9.28,BR,1645494751
106,La Providencia,28.7167,-111.5833,63.86,48,2,8.86,MX,1645494752
107,Dikson,73.5069,80.5464,11.79,94,100,13.98,RU,1645494752
108,Severo-Kuril'sk,50.6789,156.125,30,91,100,38.12,RU,1645494752
109,Bredasdorp,-34.5322,20.0403,63.72,77,3,3.44,ZA,1645494753
110,Beringovskiy,63.05,179.3167,1.58,91,100,11.21,RU,1645494753
111,Mar del Plata,-38.0023,-57.5575,70.09,93,75,11.99,AR,1645494551
112,Port-Gentil,-0.7193,8.7815,80.91,81,92,8.37,GA,1645494753
113,Nanortalik,60.1432,-45.2371,9.3,81,73,11.77,GL,1645494754
114,Correntina,-13.3433,-44.6367,69.28,94,55,1.52,BR,1645494754
115,Kangaatsiaq,68.3065,-53.4641,-9.56,98,87,7.74,GL,1645494754
116,Gunnedah,-30.9833,150.25,85.62,29,100,5.66,AU,1645494755
117,Marzuq,14.4,46.4667,57.27,37,87,3.83,YE,1645494755
118,Lagos,6.5833,3.75,80.92,87,63,1.36,NG,1645494625
119,Snåase,64.2457,12.3778,14.27,100,81,4.88,NO,1645494755
120,College,64.8569,-147.8028,19.8,72,100,5.75,US,1645494756
121,Gorontalo,0.5412,123.0595,80.33,74,100,6.8,ID,1645494756
122,Oistins,13.0667,-59.5333,77.09,78,40,14.97,BB,1645494659
123,Bengkulu,-3.8004,102.2655,80.55,75,100,2.71,ID,1645494757
124,Manhattan,40.7834,-73.9662,44.6,69,20,3.44,US,1645494517
125,Soyo,-6.1349,12.3689,78.8,84,100,4.5,AO,1645494757
126,Faanui,-16.4833,-151.75,80.94,76,100,16.73,PF,1645494757
127,Hermanus,-34.4187,19.2345,61.9,82,7,3.36,ZA,1645494758
129,Riyadh,24.6877,46.7219,50.14,31,0,6.58,SA,1645494758
130,Kavieng,-2.5744,150.7967,81.28,79,100,12.26,PG,1645494758
131,Lavrentiya,65.5833,-171,25.14,96,100,6.51,RU,1645494759
132,Cottonwood,34.7392,-112.0099,53.56,41,4,13,US,1645494577
133,Klaksvík,62.2266,-6.589,34.72,92,100,52.12,FO,1645494553
134,Kloulklubed,7.0419,134.2556,81.68,80,100,25.93,PW,1645494759
135,Saldanha,-33.0117,17.9442,59.05,88,0,10.89,ZA,1645494760
136,Livingston,55.9029,-3.5226,44.47,83,75,14.97,GB,1645494760
138,Tierra Nueva,21.6833,-100.5667,65.25,44,51,3.67,MX,1645494760
139,Ribeira Brava,32.65,-17.0667,63.23,62,36,12.24,PT,1645494761
140,Belaya Gora,68.5333,146.4167,-33.36,95,89,3.53,RU,1645494761
141,Esperance,-33.8667,121.9,80.44,44,2,7.25,AU,1645494761
142,Jalu,29.0331,21.5482,57.47,84,93,9.33,LY,1645494762
143,Ceres,37.5949,-120.9577,57.42,30,40,9.22,US,1645494762
144,Cabo San Lucas,22.8909,-109.9124,72.7,78,6,5.82,MX,1645494280
145,Saint Paul Harbor,57.79,-152.4072,42.31,81,100,10.36,US,1645494763
146,Province of Vibo Valentia,38.6996,16.1274,45.19,81,75,26.17,IT,1645494763
147,Teya,60.3778,92.6267,11.3,92,55,5.79,RU,1645494763
148,Avarua,-21.2078,-159.775,82.45,83,75,16.11,CK,1645494763
149,Sumenep,-7.0167,113.8667,82.06,77,92,8.84,ID,1645494764
150,Mahébourg,-20.4081,57.7,80.89,89,40,21.85,MU,1645494824
151,Lebu,-37.6167,-73.65,57.09,82,97,8.66,CL,1645494824
152,Ola,59.5833,151.2833,2.73,64,0,4.74,RU,1645494825
153,George Town,5.4112,100.3354,82.33,93,20,3.44,MY,1645494825
154,Mossamedes,-15.1961,12.1522,76.14,83,100,3.91,AO,1645494825
155,Atar,20.5169,-13.0499,76.23,17,100,4.97,MR,1645494826
156,Polis,35.0367,32.4264,57.29,90,77,9.35,CY,1645494826
157,Clyde River,70.4692,-68.5914,-9.17,77,100,18.41,CA,1645494826
158,Edd,13.9297,41.6925,75.02,80,100,2.17,ER,1645494827
159,Burgeo,47.6167,-57.6152,26.29,78,25,17.27,CA,1645494827
160,Sovetskaya Gavan',48.9723,140.2878,15.51,69,100,12.21,RU,1645494827
161,Longyearbyen,78.2186,15.6401,-2.36,78,20,5.75,SJ,1645494828
162,Ifo,6.8144,3.1958,80.22,82,69,3.71,NG,1645494828
163,Tolaga Bay,-38.3667,178.3,71.96,64,0,12.48,NZ,1645494828
164,Lata,40.1629,-8.3327,47.71,69,5,4.38,PT,1645494829
165,Portland,45.5234,-122.6762,41.45,90,75,4.61,US,1645494513
167,Novikovo,51.1537,37.8879,36.19,88,100,14.18,RU,1645494829
169,Mvangué,2.9667,11.5167,65.5,98,57,2.17,CM,1645494830
170,Parabel',58.6978,81.4825,18.28,93,100,8.97,RU,1645494830
171,Olafsvik,64.8945,-23.7142,37.09,81,99,9.44,IS,1645494830
172,Itoman,26.1247,127.6694,60.82,77,75,13.8,JP,1645494831
173,Pāsighāt,28.0667,95.3333,58.44,56,48,1.23,IN,1645494831
174,Tocopilla,-22.092,-70.1979,70.27,79,30,2.19,CL,1645494831
176,Nikolskoye,59.7035,30.7861,34.88,99,100,5.64,RU,1645494832
177,Vetluzhskiy,58.3902,45.4654,28.56,95,100,7.54,RU,1645494832
178,Chui,-33.6971,-53.4616,67.59,81,21,10.51,UY,1645494832
179,Xudat,41.631,48.681,42.8,81,79,6.06,AZ,1645494833
180,Port Hedland,-20.3167,118.5667,93.25,55,35,6.91,AU,1645494833
181,Monterey,36.2505,-121.2516,49.77,69,0,9.86,US,1645494461
182,Haines Junction,60.7522,-137.5108,6.75,51,100,0,CA,1645494834
183,Sukumo,32.9333,132.7333,45.77,47,45,17.34,JP,1645494834
184,Nemuro,43.3236,145.575,24.78,73,75,23.2,JP,1645494834
185,Kokologo,12.1897,-1.8856,78.66,10,32,9.48,BF,1645494835
186,Hofn,64.2539,-15.2082,38.95,95,100,45.07,IS,1645494835
187,Erzin,36.9559,36.2,52.32,97,95,3.58,TR,1645494835
189,Vila,42.0304,-8.1588,43.68,86,55,4.72,PT,1645494836
190,Fuzhou,26.0614,119.3061,46.29,91,100,2.68,CN,1645494836
191,Ribeira Grande,38.5167,-28.7,57.27,66,36,2.28,PT,1645494836
192,Iqaluit,63.7506,-68.5145,-27.67,68,75,25.32,CA,1645494837
193,Shahr-e Bābak,30.1165,55.1186,40.05,45,85,1.21,IR,1645494837
194,Tiznit Province,29.5833,-9.5,64.89,25,97,11.43,MA,1645494837
195,Awjilah,29.1081,21.2869,56.93,91,82,9.13,LY,1645494838
196,Isoka,-10.1606,32.6335,62.1,94,100,3.15,ZM,1645494838
198,Port Alfred,-33.5906,26.891,65.73,83,98,7.83,ZA,1645494838
199,Mersing,2.4312,103.8405,82.31,74,40,6.91,MY,1645494839
200,Constitución,-35.3333,-72.4167,57.09,94,100,6.76,CL,1645494899
201,Vardø,70.3705,31.1107,27.36,61,100,2.71,NO,1645494899
202,Tasiilaq,65.6145,-37.6368,25.92,78,100,40.09,GL,1645494900
203,Ust-Kuyga,70.0167,135.6,-21.17,87,77,7.52,RU,1645494900
206,Tateyama,34.9833,139.8667,49.1,52,10,20.2,JP,1645494901
207,Lorengau,-2.0226,147.2712,77.27,92,100,13.94,PG,1645494901
208,Nanganga,-10.3833,39.15,75.07,94,100,3.13,TZ,1645494901
209,Lárdos,36.0942,28.0157,59.95,79,99,11.99,GR,1645494902
210,San Quintín,30.4833,-115.95,58.17,72,49,12.93,MX,1645494902
211,Tyazhinskiy,56.116,88.524,19.99,78,100,9.51,RU,1645494902
212,Lagoa,39.05,-27.9833,56.66,63,8,3.6,PT,1645494903
213,Westport,41.1415,-73.3579,42.55,76,18,1.01,US,1645494903
214,Sirsa,29.5333,75.0167,57.07,44,89,13.87,IN,1645494903
215,Dwārka,22.2394,68.9678,72.07,79,0,10.6,IN,1645494904
216,Codrington,-38.2667,141.9667,68.85,42,1,14.47,AU,1645494904
217,Bubaque,11.2833,-15.8333,76.03,66,24,11.97,GW,1645494904
218,Hay River,60.8156,-115.7999,-14.82,76,20,4.61,CA,1645494905
219,Tuatapere,-46.1333,167.6833,55.26,78,100,12.84,NZ,1645494905
220,Saint Anthony,45.0205,-93.218,19.65,73,100,14.97,US,1645494905
221,Sterling,39.0062,-77.4286,54.37,45,100,3,US,1645494906
223,Moche,-8.1711,-79.0092,69.98,78,75,5.75,PE,1645494906
224,Weligama,5.9667,80.4167,77.7,85,39,2.35,LK,1645494907
225,Krutinka,56.0055,71.5113,28.76,91,100,10.74,RU,1645494907
226,Husavik,66.0449,-17.3389,33.71,76,100,60.98,IS,1645494907
227,Fortuna,40.5982,-124.1573,45.19,89,75,10.36,US,1645494908
228,Rangpo,27.1833,88.5333,55.94,52,1,2.24,IN,1645494908
229,Itamarandiba,-17.8572,-42.8589,64.24,97,97,1.81,BR,1645494908
230,Acaraú,-2.8856,-40.12,79.27,80,3,13.06,BR,1645494620
232,Fare,-16.7,-151.0167,81.5,73,100,16.96,PF,1645494909
233,Kulhudhuffushi,6.6221,73.07,81.64,71,2,8.03,MV,1645494909
235,Vestmannaeyjar,63.4427,-20.2734,41.83,83,91,31.94,IS,1645494910
236,Rawson,-43.3002,-65.1023,54.99,59,76,8.93,AR,1645494910
237,Vestby,59.6024,10.7467,32.14,79,7,6.26,NO,1645494910
238,Semnan,35.5729,53.3971,44.44,61,0,2.3,IR,1645494911
239,Te Anau,-45.4167,167.7167,56.84,94,100,3.62,NZ,1645494911
240,Cockburn Town,21.4612,-71.1419,75.16,73,40,12.66,TC,1645494911
241,Steinbach am Taunus,50.1667,8.5667,44.78,65,40,17.27,DE,1645494912
242,Arraial do Cabo,-22.9661,-42.0278,75.16,100,75,4.61,BR,1645494655
243,Huicungo,-7.2833,-76.8,71.02,99,100,1.95,PE,1645494912
244,Bangolo,7.0069,-7.475,70.16,95,99,2.77,CI,1645494912
245,Namatanai,-3.6667,152.4333,84.87,66,73,7.36,PG,1645494913
246,Saskylakh,71.9167,114.0833,5.09,94,100,5.84,RU,1645494913
247,Alice Springs,-23.7,133.8833,81.95,32,0,10.36,AU,1645494913
250,Asilah,35.465,-6.0348,58.96,77,2,8.19,MA,1645494974
251,Narasannapeta,18.4167,84.05,74.14,76,49,3.49,IN,1645494974
252,Hirara,24.8,125.2833,62.87,88,75,16.11,JP,1645494975
253,Vila Velha,-20.3297,-40.2925,76.95,92,0,3.44,BR,1645494975
254,Qui Nhon,13.7667,109.2333,71.31,77,98,18.45,VN,1645494975
255,Mana,5.6592,-53.7767,76.41,92,100,6.26,GF,1645494976
256,Neuquén,-38.9516,-68.0591,60.69,63,75,8.05,AR,1645494976
257,Eirunepé,-6.6603,-69.8736,72.32,100,100,0.6,BR,1645494976
258,La Romana,18.4273,-68.9728,76.73,83,20,4.61,DO,1645494977
259,Fairbanks,64.8378,-147.7164,19.81,74,100,0,US,1645494818
260,Buin,-33.7333,-70.75,69.73,66,52,3.02,CL,1645494977
261,Vostok,46.4856,135.8833,5.7,87,100,4.97,RU,1645494977
262,Yellowknife,62.456,-114.3525,-15.45,78,20,9.22,CA,1645494847
263,Dubbo,-32.25,148.6167,82.53,51,40,4.61,AU,1645494698
264,Tapes,-30.6733,-51.3958,74.55,75,100,6.55,BR,1645494810
265,Bakreswar,23.8833,87.3667,64.06,49,0,5.82,IN,1645494978
266,Cam Ranh,11.9214,109.1591,75.16,64,20,17.27,VN,1645494978
267,Marystown,47.1666,-55.1483,36.86,100,90,5.99,CA,1645494979
269,Okhotsk,59.3833,143.3,-5.13,75,0,16.87,RU,1645494979
270,Grand Gaube,-20.0064,57.6608,81,85,100,11.01,MU,1645494979
271,Vicuña,-30.0319,-70.7081,55.13,56,0,1.39,CL,1645494980
272,Colares,38.7992,-9.4469,54.9,65,0,15.99,PT,1645494980
273,Esso,55.9333,158.7,15.82,85,100,3.94,RU,1645494981
275,Benguela,-12.5763,13.4055,76.33,87,100,4.03,AO,1645494981
276,Luwuk,-0.9516,122.7875,81.82,71,100,6.31,ID,1645494981
277,Albanel,48.8832,-72.4487,-2.06,59,100,4.61,CA,1645494982
278,Port Hardy,50.6996,-127.4199,37.58,44,20,17.27,CA,1645494982
279,Khatanga,71.9667,102.5,2.77,89,100,6.13,RU,1645494982
280,Kushima,31.4583,131.2333,48.83,42,12,11.12,JP,1645494983
281,Vallenar,-28.5708,-70.7581,67.32,61,0,2.26,CL,1645494983
282,Yuci,37.6803,112.7319,24.55,33,0,6.71,CN,1645494983
283,The Pas,53.8251,-101.2541,-16.58,63,0,4.61,CA,1645494984
284,Noyabrsk,63.1994,75.4507,17.76,95,98,13.31,RU,1645494984
285,Coquimbo,-29.9533,-71.3436,62.33,82,0,6.91,CL,1645494984
286,Yanam,16.7333,82.2167,73.8,80,88,0.98,IN,1645494985
287,Hornepayne,49.2138,-84.7705,-4.16,91,100,7.92,CA,1645494985
288,Beira,-19.8436,34.8389,80.69,78,40,7,MZ,1645494985
289,Andenes,69.3143,16.1194,19.38,86,75,8.05,NO,1645494986
290,Poum,-20.2333,164.0167,83.43,75,78,19.69,NC,1645494986
291,Batagay,67.6333,134.6333,-10.75,93,91,2.95,RU,1645494986
292,Gillette,44.2911,-105.5022,-3.77,79,100,16.11,US,1645494987
293,Lesnoy,57.6198,63.0784,20.26,95,100,6.29,RU,1645494987
294,Yakeshi,49.2833,120.7333,-9.4,97,100,4.12,CN,1645494987
295,Bournemouth,50.7205,-1.8795,48.76,89,59,1.01,GB,1645494988
296,Neiafu,-18.65,-173.9833,81.52,77,100,19.84,TO,1645494988
297,Ponnāni,10.767,75.9252,76.32,80,7,4.85,IN,1645494988
298,Goma,-1.6792,29.2228,63.75,72,100,2.95,CD,1645494989
299,General Roca,-39.0333,-67.5833,61.2,61,100,7.2,AR,1645494989
300,Sulangan,11.1373,123.7228,80.15,79,99,15.82,PH,1645495049
301,Carutapera,-1.195,-46.02,78.71,86,100,7.94,BR,1645495050
302,Beyneu,45.3167,55.2,42.06,72,100,6.51,KZ,1645494999
303,Popondetta,-8.7537,148.2534,89.78,57,47,4.56,PG,1645495050
304,Chokurdakh,70.6333,147.9167,-36.92,98,79,6.38,RU,1645495050
305,Hasaki,35.7333,140.8333,45.28,34,2,5.57,JP,1645495051
306,Bethel,41.3712,-73.414,40.93,68,11,0.94,US,1645495051
307,Belgrade,44.804,20.4651,40.44,88,0,9.22,RS,1645494852
308,Tual,-5.6667,132.75,81.81,80,100,26.51,ID,1645495052
309,Tiksi,71.6872,128.8694,-0.69,89,100,10.4,RU,1645495052
310,Buta,2.7858,24.73,64.65,42,100,2.66,CD,1645495052
311,Hong Kong,22.2855,114.1577,51.33,94,100,4,HK,1645494904
312,Quatre Cocos,-20.2078,57.7625,80.71,89,100,16.35,MU,1645495053
313,Samarai,-10.6167,150.6667,85.39,70,100,8.14,PG,1645495053
315,Galle,6.0367,80.217,78.13,84,33,2.93,LK,1645495053
316,Nouna,12.7333,-3.8667,75.11,8,6,7.31,BF,1645495054
317,Bandarbeyla,9.4942,50.8122,76.1,79,46,15.61,SO,1645495054
318,Maragogi,-9.0122,-35.2225,78.04,80,15,6.64,BR,1645494904
319,Cardonal,20.6,-99.1333,60.55,79,41,3.6,MX,1645495054
320,Minot,48.2325,-101.2963,-10.66,64,75,17.27,US,1645494772
321,Obihiro,42.9172,143.2044,29.61,69,84,15.41,JP,1645495055
322,Yāval,21.1667,75.7,70.41,27,0,0.54,IN,1645495055
323,Tirschenreuth,49.8825,12.3331,37.18,94,100,5.01,DE,1645495056
324,Whitehorse,60.7161,-135.0538,7.02,53,40,16.11,CA,1645494769
325,Gimli,50.6336,-96.9907,-11.87,53,100,9.22,CA,1645495056
326,Berlevåg,70.8578,29.0864,24.22,73,100,4.34,NO,1645495056
327,Manaus,-3.1019,-60.025,82.89,78,0,4.61,BR,1645494836
328,Salalah,17.0151,54.0924,72.21,39,9,14.2,OM,1645495057
329,Adrar,20.5022,-10.0711,78.24,18,100,4.25,MR,1645495057
331,Arrondissement de Villefranche-de-Rouergue,44.3333,2,43.57,93,93,7.74,FR,1645495058
332,Yashan,22.1975,109.9419,45.27,85,100,10.16,CN,1645495058
333,Conceição do Araguaia,-8.2578,-49.2647,73.78,93,89,2.77,BR,1645495058
334,Baruun-Urt,46.6806,113.2792,-0.24,79,4,7.96,MN,1645495059
335,Souillac,-20.5167,57.5167,80.98,89,40,21.85,MU,1645495059
337,Gemena,3.25,19.7667,71.22,52,43,1.74,CD,1645495059
338,Aksarka,66.5606,67.7975,10.49,97,100,7.31,RU,1645495060
339,Kropotkin,45.4375,40.5756,39.87,91,40,7.56,RU,1645495060
340,Novy Urengoy,66.0833,76.6333,15.89,95,100,10.83,RU,1645495060
341,Warrnambool,-38.3833,142.4833,65.39,52,0,13.22,AU,1645494898
342,Khani,41.9563,42.9566,31.57,86,46,6.31,GE,1645495061
343,Pangnirtung,66.1451,-65.7125,-27.42,90,100,2.17,CA,1645494780
344,Vestmanna,62.1564,-7.1664,32.92,100,100,42.57,FO,1645495061
345,Mujiayingzi,42.1167,118.7833,10.4,50,0,12.44,CN,1645495062
346,Xining,36.6167,101.7667,16.52,54,5,3.87,CN,1645495062
347,Bǝrdǝ,40.3744,47.1267,44.17,87,55,4.14,AZ,1645495062
348,Bako,5.7833,36.5667,67.59,56,100,3.56,ET,1645495063
349,Agalatovo,60.2195,30.2739,34.12,85,100,4.5,RU,1645495063
350,Tambovka,50.0969,128.0489,1.51,85,19,7.56,RU,1645495123
351,Nouadhibou,20.931,-17.0347,64.38,68,100,16.11,MR,1645495124
352,Ystad,55.4297,13.8204,34.54,75,7,19.37,SE,1645495124
353,Kahului,20.8947,-156.47,83.46,85,59,11.01,US,1645495124
355,Pitimbu,-7.4706,-34.8086,81.19,73,21,9.95,BR,1645495125
356,Kochki,54.3358,80.4806,13.12,93,55,9.73,RU,1645495125
357,Tyukhtet,56.5389,89.3011,15.89,82,92,7.63,RU,1645495125
358,Aquiraz,-3.9014,-38.3911,83.17,83,4,11.61,BR,1645495126
359,Erenhot,43.6475,111.9767,5.41,77,2,8.3,CN,1645495126
360,San Patricio,28.017,-97.5169,73.49,85,0,19.71,US,1645495126
361,Ulladulla,-35.35,150.4667,68.77,88,100,4.76,AU,1645495127
362,Candelaria,13.9311,121.4233,79.39,81,100,10,PH,1645495127
363,Airai,-8.9266,125.4092,61.18,96,100,1.12,TL,1645495127
365,Walvis Bay,-22.9575,14.5053,71.1,83,84,12.66,NA,1645495079
366,Kysyl-Syr,63.8986,122.7617,2.08,95,96,2.01,RU,1645495128
367,Tigre,-34.426,-58.5796,77,68,20,3.44,AR,1645495128
368,Sabang,5.8933,95.3214,82.53,74,89,12.26,ID,1645495129
369,Pytalovo,57.0679,27.9138,35.22,80,100,15.82,RU,1645495129
370,Reconquista,-29.15,-59.65,77.65,42,67,6.87,AR,1645495129
371,Ulagan,50.6321,87.9563,-1.7,87,66,2.39,RU,1645495130
372,Tomatlán,19.9333,-105.25,72.46,54,0,2.82,MX,1645495130
373,Narsaq,60.9167,-46.05,-8.73,75,92,7.27,GL,1645495130
374,San Policarpo,12.1791,125.5072,79.3,84,100,19.55,PH,1645495131
375,Butterworth,5.3991,100.3638,82.44,93,20,3.44,MY,1645495131
376,Totness,5.8833,-56.3167,76.59,90,61,8.95,SR,1645495131
377,Nipāni,16.4,74.3833,59.11,44,52,2.37,IN,1645495131
378,Puerto Ayacucho,5.6639,-67.6236,83.61,52,98,5.28,VE,1645495132
379,Aksu,41.1231,80.2644,26.2,48,0,2.33,CN,1645494853
380,Stornoway,58.2093,-6.3865,45.93,100,100,39.12,GB,1645495132
381,Hobyo,5.3505,48.5268,77.77,85,5,15.68,SO,1645495133
383,Alacranes,22.7675,-81.5675,72.16,79,3,10.71,CU,1645495133
384,Dolinsk,47.35,142.8,19.26,73,100,9.71,RU,1645495133
385,San Juan,-31.5375,-68.5364,63.23,77,100,16.37,AR,1645495132
386,Shima,24.4478,117.8111,53.62,85,93,2.46,CN,1645495134
387,Los Angeles,34.0522,-118.2437,58.14,71,20,1.99,US,1645494964
389,Ostrovnoy,68.0531,39.5131,20.41,88,100,6.87,RU,1645495134
390,Iquitos,-3.7481,-73.2472,80.64,89,75,3.44,PE,1645495135
391,Isangel,-19.55,169.2667,89.71,62,40,6.91,VU,1645495135
392,Traverse City,44.7631,-85.6206,25.74,87,100,5.99,US,1645494881
393,Aberdeen,57.1437,-2.0981,41.76,84,100,10.36,GB,1645495072
394,Itarema,-2.9248,-39.9167,79.45,78,1,12.48,BR,1645495135
395,Aykhal,66,111.5,2.66,91,47,8.14,RU,1645495136
396,Chissamba,-12.1667,17.3333,59.04,96,68,3.02,AO,1645495136
398,Sindor,62.8629,51.8905,4.32,100,96,2.57,RU,1645495137
399,Turtas,58.9417,69.1325,23.2,95,97,7.38,RU,1645495137
400,Nishihara,26.1842,127.7558,60.08,77,75,13.8,JP,1645495197
402,Isfana,39.8386,69.5306,30.76,59,100,2.42,KG,1645495198
404,Okha,53.5739,142.9478,-3.41,83,53,19.57,RU,1645495198
406,Krasnosel'kup,65.7,82.4667,17.31,94,100,16.87,RU,1645495199
407,Celestún,20.8667,-90.4,79.92,60,0,11.92,MX,1645495199
409,Katima Mulilo,-17.5,24.2667,69.03,76,77,2.91,NA,1645495199
410,San Cristobal,7.7669,-72.225,69.98,85,96,2.66,VE,1645495200
411,Sosnogorsk,63.6023,53.8817,7.21,98,77,4.52,RU,1645495200
412,Yazoo City,32.8551,-90.4056,72.03,93,51,12.71,US,1645495201
413,Hammerfest,70.6634,23.6821,16.25,79,0,1.14,NO,1645495202
414,Bondo,3.8146,23.6866,67.35,32,100,2.21,CD,1645495202
415,Biloela,-24.4167,150.5,91.15,35,0,3.09,AU,1645495207
416,São Gabriel da Cachoeira,-0.1303,-67.0892,73.45,97,100,0.67,BR,1645495209
417,Phonhong,18.5007,102.4166,64.22,75,94,1.48,LA,1645495213
418,Kamina,-8.7386,24.9906,62.69,96,100,3.58,CD,1645495215
419,Necochea,-38.5473,-58.7368,65.03,92,76,11.83,AR,1645495215
420,Touros,-5.1989,-35.4608,80.31,75,100,10.65,BR,1645495216
421,Mehamn,71.0357,27.8492,21.96,80,100,4.97,NO,1645495218
422,Kudahuvadhoo,2.6708,72.8944,81.68,65,3,8.14,MV,1645495219
423,Yulara,-25.2406,130.9889,84.11,26,0,7.96,AU,1645495220
424,Samagaltay,50.6022,95.0047,-7.33,98,100,2.64,RU,1645495220
425,Paka,4.6374,103.4368,79.43,82,72,4.81,MY,1645495221
426,Chiplūn,17.5333,73.5167,66.97,51,12,1.99,IN,1645495223
427,Natal,-5.795,-35.2094,82.62,78,40,12.66,BR,1645494966
428,Kāzerūn,29.6195,51.6541,48.58,67,0,3.6,IR,1645495223
430,Puerto Asís,0.5133,-76.5007,74.01,79,99,3.06,CO,1645495224
431,Ancud,-41.8697,-73.8203,55.42,67,0,9.42,CL,1645495225
432,Porto-Novo,6.4965,2.6036,79.14,86,93,8.01,BJ,1645495226
433,Río Gallegos,-51.6226,-69.2181,63.14,39,7,9.19,AR,1645495226
434,Son La,21.3167,103.9,48.88,83,100,3.38,VN,1645495227
436,Lima,-12.0432,-77.0282,71.38,49,75,4.61,PE,1645495112
438,Bosaso,11.2842,49.1816,71.91,81,5,2.46,SO,1645495228
439,Sitka,57.0531,-135.33,24.55,71,83,4.81,US,1645495228
440,Genhe,50.7833,121.5167,-2.16,84,83,2.59,CN,1645495229
441,Balkanabat,39.5108,54.3671,49.23,68,100,4.29,TM,1645495229
442,Hirado,33.3597,129.5531,45.36,55,8,21.3,JP,1645495230
443,Maiduguri,11.8464,13.1603,66.24,29,7,8.37,NG,1645495230
444,Yumen,40.2833,97.2,19.92,53,0,4.92,CN,1645495231
445,Kalmar,56.6616,16.3616,32.97,74,100,23.02,SE,1645495232
447,Bilma,18.6853,12.9164,63.9,12,0,4.09,NE,1645495232
448,Itaperuçu,-25.22,-49.3478,70.12,94,77,1.3,BR,1645495233
450,Vigia,-0.8583,-48.1417,77.05,93,100,7.76,BR,1645495293
452,Dinguiraye,11.3,-10.7167,80.1,43,82,1.54,GN,1645495294
453,Turka,49.1541,23.0297,30.25,96,69,5.37,UA,1645495295
454,Paso de los Toros,-32.8167,-56.5167,66.85,50,3,9.42,UY,1645495295
455,Maceió,-9.6658,-35.7353,79.59,77,8,8.25,BR,1645495216
456,Yazman,29.1212,71.7446,65.34,31,50,6.33,PK,1645495295
457,Ayan,56.45,138.1667,3.65,65,3,8.61,RU,1645495296
458,Linares,-35.85,-71.6,57.76,59,83,2.55,CL,1645495106
459,Kuril'sk,45.2333,147.8833,26.22,93,100,30.98,RU,1645495296
460,Laguna de Perlas,12.3429,-83.6712,77.38,81,100,12.41,NI,1645495297
462,Qaqortoq,60.7167,-46.0333,0.1,85,92,6.06,GL,1645495297
463,Tura,25.5198,90.2201,62.35,51,0,3,IN,1645495297
464,Troy,42.6056,-83.1499,41.38,84,40,4.61,US,1645494739
465,São Filipe,14.8961,-24.4956,70.83,71,39,10.18,CV,1645495298
466,Kondinskoye,59.6481,67.41,14.76,95,29,9.15,RU,1645495298
467,Boueni,-12.9025,45.0761,82.38,75,100,14.27,YT,1645495299
468,Zhuhai,22.2769,113.5678,52.99,93,40,19.57,CN,1645495299
469,Bourail,-21.5667,165.4833,87.44,58,70,5.06,NC,1645495299
470,Derzhavīnsk,51.1,66.3167,22.48,96,100,7.38,KZ,1645495300
471,Chopda,21.25,75.3,70.09,29,0,3.13,IN,1645495300
472,Kieta,-6.2167,155.6333,86.04,69,83,4.25,PG,1645495300
473,Alamogordo,32.8995,-105.9603,55.96,34,75,12.66,US,1645495200
474,Ibirapitanga,-14.1642,-39.3736,70.75,99,24,0.56,BR,1645495301
476,Mount Isa,-20.7333,139.5,91.17,16,5,8.05,AU,1645495301
477,Ambon City,-3.6954,128.1814,80.74,74,40,17.27,ID,1645495302
479,Kowary,50.7931,15.8356,38.35,87,100,11.34,PL,1645495264
481,Morón,-34.6534,-58.6198,74.97,66,70,7.49,AR,1645495303
482,Muros,42.7762,-9.0603,46.83,84,88,7.92,ES,1645495303
483,Korla,41.7597,86.1469,28.27,44,0,6.85,CN,1645495303
484,Conceição das Alagoas,-19.9147,-48.3883,69.76,92,98,0.72,BR,1645495304
485,Athlone,53.4333,-7.95,51.4,83,99,19.6,IE,1645495304
486,Wairoa,-39.0333,177.3667,79.56,63,5,4,NZ,1645495305
487,Chanute,37.6792,-95.4572,62.78,89,100,19.04,US,1645495203
488,Provideniya,64.3833,-173.3,32.11,93,100,26.84,RU,1645495305
489,Villa Rica,33.7321,-84.9191,53.67,98,100,8.43,US,1645495306
490,Dondo,-19.6094,34.7431,81.91,91,52,2.51,MZ,1645495307
491,Stromness,58.965,-3.296,41.25,75,100,33.76,GB,1645495307
492,Xingyi,24.1877,102.817,36.27,95,97,5.39,CN,1645495307
493,Panama City,8.9936,-79.5197,81.05,70,78,1.99,PA,1645495205
494,Port Lincoln,-34.7333,135.8667,66.49,60,62,8.88,AU,1645495308
495,Władysławowo,54.7909,18.4009,36.01,77,100,26.78,PL,1645495308
496,Vila Franca do Campo,37.7167,-25.4333,58.19,69,91,7.67,PT,1645495309
498,Sola,-13.8833,167.55,82.6,75,87,11.97,VU,1645495309
499,Havøysund,70.9963,24.6622,16.68,83,100,7.05,NO,1645495309
500,Vaitape,-16.5167,-151.75,80.94,75,100,16.69,PF,1645495370
501,Mombetsu,44.3525,143.3525,24.82,86,75,17.27,JP,1645495370
502,Bonavista,48.6499,-53.1147,32.88,70,69,22.88,CA,1645495370
503,Khowst,33.3833,69.8833,46.53,78,100,4.88,AF,1645495371
505,Havre-St-Pierre,50.2334,-63.5986,-1.91,74,1,12.15,CA,1645495371
506,Khovd,48.0056,91.6419,-6.93,88,42,1.7,MN,1645495371
507,Kilrush,52.6397,-9.4833,52.88,86,100,25.1,IE,1645495372
508,Ubari,26.5921,12.7805,63.79,13,80,5.61,LY,1645495372
509,Marsá Maţrūḩ,31.3525,27.2453,60.35,52,82,15.48,EG,1645495372
510,Viedma,-40.8135,-62.9967,60.66,78,100,13.87,AR,1645495373
511,Mehrān,33.1222,46.1646,56.03,63,5,5.95,IR,1645495373
512,Coolum Beach,-26.5333,153.1,81.23,83,12,9.78,AU,1645495373
513,Baker City,44.7749,-117.8344,28.15,92,99,2.71,US,1645495143
514,Jiamusi,46.8333,130.35,6.62,78,100,11.18,CN,1645495374
516,Blackwater,-23.5833,148.8833,90.43,39,0,10.13,AU,1645495374
517,Alakurtti,66.9672,30.3491,-0.36,100,90,3.15,RU,1645495374
518,Kumul,42.8,93.45,30.78,31,0,5.39,CN,1645495375
519,Wad Medani,14.4012,33.5199,67.77,21,91,9.08,SD,1645495375
520,Tessalit,20.1986,1.0114,70.68,10,69,8.08,ML,1645495375
521,Kungurtug,50.5994,97.5228,0.9,87,13,1.95,RU,1645495376
522,Daru,-9.0763,143.2092,77.43,93,100,3.04,PG,1645495376
523,Honiara,-9.4333,159.95,85.53,77,90,3.53,SB,1645495377
524,Bereket,39.2446,55.5154,48.24,76,100,7.7,TM,1645495377
525,Najrān,17.4924,44.1277,54.3,33,77,1.86,SA,1645495377
526,Voka,59.3997,27.5817,32.95,96,100,14.79,EE,1645495378
527,Gewanē,10.1664,40.6453,74.53,63,51,4.74,ET,1645495378
528,Haimen,23.1935,116.6142,50.79,88,100,11.92,CN,1645495378
529,Bilibino,68.0546,166.4372,-22.72,94,100,3.49,RU,1645495379
530,Mayumba,-3.432,10.6554,77.83,85,100,6.13,GA,1645495379
531,Poya,-21.35,165.15,88.2,60,60,4.43,NC,1645495379
532,Phang Nga,8.4509,98.5298,84.24,81,77,2.8,TH,1645495380
533,Ferrol,43.4832,-8.2369,46.36,91,98,3.67,ES,1645495380
534,Sibolga,1.7427,98.7792,81.16,72,100,1.63,ID,1645495380
535,Marathon,44.9,-89.7668,15.55,84,100,17.27,US,1645495381
536,Pemangkat,1.1667,108.9667,80.02,80,100,5.01,ID,1645495381
537,Harper,4.375,-7.7169,78.55,88,100,7.38,LR,1645495381
538,Kiunga,-6.1219,141.2906,76.78,93,100,4.25,PG,1645495382
539,Padang,-0.9492,100.3543,80.65,75,100,2.17,ID,1645495382
540,Petrokamenskoye,57.716,60.6484,15.21,97,100,4.83,RU,1645495382
541,Formosa,-26.1775,-58.1781,74.05,84,100,5.46,AR,1645495383
542,Iturama,-19.7281,-50.1956,72.01,86,55,4.05,BR,1645495383
543,Los Llanos de Aridane,28.6585,-17.9182,55.15,78,20,5.75,ES,1645495383
544,Illapel,-31.6308,-71.1653,63.77,72,5,3.49,CL,1645495345
545,Nuuk,64.1835,-51.7216,-17.41,85,14,8.5,GL,1645495354
547,Scarborough,54.2797,-0.4044,43.52,86,100,3,GB,1645495384
548,Sorong,-0.8833,131.25,76.93,91,100,13.53,ID,1645495384
549,Gweta,-20.1833,25.2333,77.32,51,19,6.42,BW,1645495385
550,Arroyos y Esteros,-25.0667,-57.1,74.95,64,66,5.68,PY,1645495445
551,Taoudenni,22.6783,-3.9836,77.25,11,100,8.34,ML,1645495446
552,Maumere,-8.6199,122.2111,75.63,92,100,4.16,ID,1645495446
553,Mbala,-8.8402,31.3659,59.99,93,100,0.22,ZM,1645495446
554,Vanavara,60.34,102.2797,13.15,93,100,4.97,RU,1645495447
555,Ulaangom,49.9811,92.0667,-14.22,95,97,2.19,MN,1645495447
556,Tamandaré,-8.7597,-35.1047,78.08,79,7,6.15,BR,1645495447
557,Plettenberg Bay,-34.0527,23.3716,62.08,78,21,4.81,ZA,1645495448
558,Labuhan,-6.8844,112.2051,82.35,75,99,8.61,ID,1645495448
559,Strezhevoy,60.7333,77.5889,21.18,97,81,8.03,RU,1645495448
560,Acarí,-15.4311,-74.6158,73.04,82,32,3.47,PE,1645495449
561,San Ramon,37.7799,-121.978,51.64,68,0,17.27,US,1645495447
562,Pimentel,-6.8367,-79.9342,71.94,80,17,10.04,PE,1645495449
563,Ust'-Ilimsk,58.0006,102.6619,12.49,95,81,4.07,RU,1645495252
565,Port Macquarie,-31.4333,152.9167,77.9,88,100,9.22,AU,1645495450
566,Mahibadhoo,3.7833,72.9667,81.25,70,0,7.05,MV,1645495450
567,Hendek,40.7994,30.7481,34.12,71,7,6.24,TR,1645495450
568,Pacific Grove,36.6177,-121.9166,53.28,74,0,17,US,1645495451
569,Wanxian,30.8039,108.3897,46.99,73,100,3.76,CN,1645495451
570,Caucayá,-0.1934,-74.7819,81.05,51,100,1.23,CO,1645495451
571,Takapau,-40.0333,176.35,73.45,42,35,1.57,NZ,1645495452
572,Rio Grande,-32.035,-52.0986,75.31,81,29,9.93,BR,1645495452
573,Wattegama,6.7989,81.4808,72.52,88,6,1.3,LK,1645495452
574,Niterói,-22.8833,-43.1036,79.59,94,75,5.75,BR,1645495453
575,Coyhaique,-45.5752,-72.0662,55.35,47,0,4.61,CL,1645495453
576,Gravdal,68.1214,13.5031,25.02,67,13,1.03,NO,1645495453
577,Kalemie,-5.9475,29.1947,68.83,87,100,5.19,CD,1645495454
578,Iaciara,-14.0958,-46.6317,69.04,93,100,2.59,BR,1645495454
579,Batemans Bay,-35.7167,150.1833,71.91,87,100,2.66,AU,1645495223
580,Nassau,40.7507,-73.5829,44.26,84,0,3.44,US,1645495455
581,Verkhnevilyuysk,63.4453,120.3167,9.37,93,100,5.86,RU,1645495455
582,Meulaboh,4.1363,96.1285,78.66,83,88,2.75,ID,1645495455
583,Mashhad,36.297,59.6062,41.14,93,100,4.61,IR,1645495456
584,Ishigaki,24.3448,124.1572,68.13,72,100,23.29,JP,1645495456
585,Messina,38.1933,15.5497,54.79,68,100,20,IT,1645495220
586,Grindavik,63.8424,-22.4338,36.9,93,75,2.3,IS,1645495456
588,Acajutla,13.5928,-89.8275,84.79,71,71,8.77,SV,1645495457
589,Gornyy,55.1153,83.9059,17.85,88,100,12.8,RU,1645495457
590,Dolores,-36.3132,-57.6792,59.13,89,54,7.05,AR,1645495201
591,Murighiol,45.0333,29.1667,39.69,93,69,7.72,RO,1645495458
592,Praia da Vitória,38.7333,-27.0667,55.76,73,12,4.05,PT,1645495458
594,Florián,5.8049,-73.9703,61.57,93,100,2.89,CO,1645495458
595,Alegrete,-29.7831,-55.7919,78.37,41,100,14.38,BR,1645495245
596,Batagay-Alyta,67.8006,130.4114,-8.64,94,48,3.58,RU,1645495459
597,Auki,-8.7676,160.7034,83.75,79,68,4.03,SB,1645495459
598,Tezu,27.9167,96.1667,59.92,36,5,0.76,IN,1645495459
599,Kang,-23.6752,22.7876,72.95,33,52,8.9,BW,1645495460
600,Borogontsy,62.6683,131.1683,-11.18,93,100,6.08,RU,1645495520
602,Torrington,41.8007,-73.1212,39.18,76,4,3.09,US,1645495521
603,Maroantsetra,-15.4333,49.7333,77.36,85,100,5.95,MG,1645495521
604,Planadas,3.197,-75.6451,66.67,91,100,3.76,CO,1645495521
605,Leh,34.1667,77.5833,7.47,69,100,3.22,IN,1645495522
606,Prince Rupert,54.3161,-130.3201,27.88,55,0,7.9,CA,1645495450
607,Aktobe,50.2797,57.2072,32.09,93,75,8.95,KZ,1645495492
608,Norrköping,58.5942,16.1826,27.57,76,100,20.71,SE,1645495522
609,Crotone,39.0851,17.1178,42.93,75,46,13.56,IT,1645495523
610,Karratha,-20.7377,116.8463,92.57,45,68,9.28,AU,1645495523
611,Coos Bay,43.3665,-124.2179,42.93,98,73,11.01,US,1645495261
612,Akot,21.0964,77.0586,70.41,24,0,2.53,IN,1645495523
614,Kiryat Gat,31.61,34.7642,56.39,100,7,1.5,IL,1645495524
